episode,reward,moving_avg_100,epsilon,loss,steps
1,-316.98562014740423,-316.98562014740423,0.99802,0.7934323503420904,113
2,-84.55614653997803,-200.77088334369114,0.99604,1.9292961415790377,85
3,-437.75416888268774,-279.76531185669,0.99406,2.727397456765175,158
4,-108.92118526171022,-237.05428020794506,0.9920800000000001,3.3856065840948197,85
5,-68.99325636534358,-203.44207543942474,0.9901000000000001,3.306290242407057,73
6,-135.3190572283042,-192.08823907090468,0.9881200000000001,3.1787933769978975,152
7,-123.86571381088376,-182.34216403375882,0.9861400000000001,3.0454154224956738,66
8,-187.98236090777488,-183.04718864301083,0.9841600000000001,2.9921723471747503,109
9,-424.71730052711087,-209.8994232967997,0.9821800000000002,2.679783018430074,122
10,-234.8478173263016,-212.39426269974993,0.9802000000000002,3.083036976702073,66
11,-298.66491223677565,-220.23704902129774,0.9782200000000002,2.788627256665911,139
12,-356.22752825080136,-231.56958895708968,0.9762400000000002,2.8671529822879367,74
13,-281.90869988915813,-235.44182825955647,0.9742600000000002,2.72428290049235,130
14,-119.49558135979888,-227.15995348100236,0.9722800000000003,2.500500281651815,84
15,-89.5084471628544,-217.98318639312583,0.9703000000000003,2.7011112485613142,58
16,-371.4326413998557,-227.57377733104644,0.9683200000000003,2.9684266999915794,107
17,-127.65894423974407,-221.69643420802865,0.9663400000000003,2.815411266826448,83
18,-272.2478519069848,-224.5048463024151,0.9643600000000003,3.0958698943809226,110
19,-166.4504600317449,-221.4493522881693,0.9623800000000003,2.7845447782812447,117
20,-310.23044783197946,-225.8884070653598,0.9604000000000004,2.776742588071262,135
21,-96.35354025897942,-219.72008007457978,0.9584200000000004,2.867745308081309,121
22,-109.77809756624994,-214.72271723329206,0.9564400000000004,2.795385135544671,71
23,-382.735200476433,-222.02760780908082,0.9544600000000004,2.84313457707564,94
24,-25.664820035741414,-213.84582498519163,0.9524800000000004,2.775140419602394,96
25,-127.96413954525929,-210.41055756759434,0.9505000000000005,2.746269043754129,70
26,-93.15346969338461,-205.90066957243243,0.9485200000000005,2.449557900428772,88
27,-180.99954301023377,-204.97840562568433,0.9465400000000005,2.921525412135654,71
28,-128.02236628828,-202.22997564934846,0.9445600000000005,2.7490270191972908,87
29,-69.43591174061586,-197.65086999732318,0.9425800000000005,3.1035447972161427,86
30,-150.2612726312732,-196.07121675178817,0.9406000000000005,2.448192699389024,88
31,-129.15677953326315,-193.91268651893253,0.9386200000000006,2.754072804200022,77
32,-216.88758670003273,-194.63065214959198,0.9366400000000006,2.8797397017478943,86
33,-144.1051396480084,-193.09957601318038,0.9346600000000006,2.6583547901224205,108
34,-85.71714753053037,-189.94126929310244,0.9326800000000006,2.832107895299008,77
35,20.264286423720662,-183.93539627262177,0.9307000000000006,2.657006176618429,103
36,-83.25135264177204,-181.13861728287597,0.9287200000000007,2.859710621833801,82
37,-139.56000861278437,-180.01487110260322,0.9267400000000007,2.977983271634137,105
38,-93.18672477852704,-177.72991988354858,0.9247600000000007,2.7149971187114716,82
39,-376.3614825407775,-182.82303687475957,0.9227800000000007,2.5367021131515504,98
40,-229.69320070333845,-183.994790970474,0.9208000000000007,3.050838428514975,111
41,-154.41387088077101,-183.27330511462762,0.9188200000000007,2.5349892418960045,116
42,-103.67861273433665,-181.37819339128734,0.9168400000000008,2.868686556816101,92
43,-393.75809604318385,-186.31726089481984,0.9148600000000008,2.9422748296157173,91
44,-52.34393172929095,-183.2724125046942,0.9128800000000008,2.8183542050813375,76
45,-98.54436754514487,-181.38956706114865,0.9109000000000008,2.5355936118534634,85
46,-167.12531886162384,-181.0794747089851,0.9089200000000008,2.764104187488556,96
47,-145.85682296948602,-180.3300565868681,0.9069400000000009,2.7829793132841587,127
48,-84.04283890965235,-178.32407288525937,0.9049600000000009,2.631839483976364,94
49,-85.3657199996727,-176.42696364269636,0.9029800000000009,2.7237885803789705,151
50,26.412437749838816,-172.37017561484564,0.9010000000000009,3.005111547311147,117
51,-134.2324388171252,-171.62237685410605,0.8990200000000009,2.3926153447892933,111
52,-187.26139811270468,-171.92312726292525,0.897040000000001,2.6567197617362526,68
53,-94.35951954850746,-170.45966296642678,0.895060000000001,2.6586676951377624,121
54,-53.396179284230556,-168.29182067601576,0.893080000000001,2.8424948767611853,76
55,-77.88239854574856,-166.64801300092,0.891100000000001,2.5131261266511062,118
56,-68.21511481238637,-164.89028267612477,0.889120000000001,2.5433210242878306,132
57,-102.90910221268918,-163.8028935451873,0.887140000000001,2.8042804190987036,76
58,-165.9977089344695,-163.8407351898301,0.8851600000000011,2.7345142084009506,68
59,-115.25625585592138,-163.01726943840794,0.8831800000000011,2.436090111732483,97
60,-68.58210688925314,-161.44335006258868,0.8812000000000011,2.4247080358591946,86
61,-98.82399803982656,-160.41680330811715,0.8792200000000011,2.523997312006743,92
62,-222.19178609458436,-161.41317399822148,0.8772400000000011,2.6890019936995073,88
63,-94.53979705278567,-160.35169182448442,0.8752600000000011,2.577248221949527,77
64,-166.15129676455098,-160.44231065167293,0.8732800000000012,2.684052975554215,76
65,-139.50916598481308,-160.12026227218277,0.8713000000000012,2.383662142251667,151
66,-43.36224804828142,-158.3512014506085,0.8693200000000012,2.5807294845581055,97
67,-285.24806728077,-160.24518452270047,0.8673400000000012,2.726938601051058,111
68,-248.54957156869338,-161.54377844984742,0.8653600000000012,2.2684280946850777,129
69,-78.90742007707769,-160.34615006763337,0.8633800000000013,2.4584583922436365,77
70,-136.18055140010148,-160.00092722952576,0.8614000000000013,2.3240763382478193,88
71,-83.80653149389308,-158.92776672620698,0.8594200000000013,2.536021645580019,110
72,-40.20941462805046,-157.27890072484374,0.8574400000000013,2.512298006760447,78
73,-135.3337376142452,-156.97828205209578,0.8554600000000013,2.4258031733334064,125
74,-89.47414247398001,-156.06606394968884,0.8534800000000013,2.3630827174467197,70
75,-123.28296304953966,-155.62895593768684,0.8515000000000014,2.5647325780656605,109
76,-275.50729030370377,-157.20630244250285,0.8495200000000014,2.4337027817964554,78
77,-107.11690505902996,-156.55579078817203,0.8475400000000014,2.070935596119274,88
78,-147.9965210825374,-156.44605656117673,0.8455600000000014,2.4597176720456377,166
79,-127.39305841254364,-156.07829709094085,0.8435800000000014,2.60774525668886,72
80,-33.03579471747125,-154.5402658112725,0.8416000000000015,2.578180339601305,144
81,-158.59272703602227,-154.59029619676323,0.8396200000000015,2.3982081834007714,133
82,-315.15845876700575,-156.54844452079058,0.8376400000000015,2.754038764880254,105
83,-152.59418627011894,-156.50080285511984,0.8356600000000015,2.2464824645749983,125
84,-213.43387694463195,-157.17857754666164,0.8336800000000015,2.4333411673704783,120
85,-123.55244612473852,-156.7829760005214,0.8317000000000015,1.9929630756378174,85
86,-90.21964412058225,-156.00898376935928,0.8297200000000016,2.256420850753784,95
87,-114.70369661431131,-155.53421035378403,0.8277400000000016,1.9861613724912917,112
88,-185.84968159810984,-155.8787043451968,0.8257600000000016,2.201622700318694,128
89,-20.41351100691874,-154.3566235211712,0.8237800000000016,1.8837540965331228,75
90,-24.25308678090383,-152.91102866850156,0.8218000000000016,2.215555193749341,90
91,-72.54890493797672,-152.02792840772656,0.8198200000000017,2.4544317852705717,125
92,-194.02960902824822,-152.48446841447137,0.8178400000000017,2.4561371755599977,100
93,-154.66678517756478,-152.50793418611755,0.8158600000000017,2.3237902616199695,77
94,-20.583701431770493,-151.10448490149685,0.8138800000000017,2.383995768569765,169
95,-89.27822305596253,-150.45368214522807,0.8119000000000017,2.278939468019149,134
96,-121.53779551861436,-150.15247499286752,0.8099200000000017,2.236310591016497,142
97,-11.4672599830308,-148.72273050823003,0.8079400000000018,2.1188849156553093,86
98,-44.52131386531966,-147.65945074656767,0.8059600000000018,2.3259034156799316,85
99,-116.6084790189021,-147.34580456750032,0.8039800000000018,2.2912206712522005,78
100,-101.80772964658924,-146.89042381829123,0.8020000000000018,2.1901817952885345,135
101,-64.61198872716054,-144.36668750408876,0.8000200000000018,2.1497219644094767,150
102,13.199968576590493,-143.38912635292306,0.7980400000000019,2.117758305867513,121
103,-90.5216223130187,-139.91680088722637,0.7960600000000019,2.3048143592374077,116
104,-104.44057025718834,-139.87199473718118,0.7940800000000019,2.2688613804903897,89
105,-25.31683033693281,-139.43523047689706,0.7921000000000019,2.086772392193476,97
106,-60.63073713017531,-138.6883472759158,0.7901200000000019,2.2024409851512394,146
107,-228.0499768913125,-139.73018990672006,0.788140000000002,2.091326044156001,106
108,-43.103300484009296,-138.2813993024824,0.786160000000002,2.45214985559384,93
109,-121.94734815302073,-135.25369977874152,0.784180000000002,2.106916674545833,115
110,-33.13512157993222,-133.23657282127783,0.782200000000002,2.0714548118412495,125
111,-262.31127775869453,-132.873036476497,0.780220000000002,2.0999156704970767,114
112,-124.25697742352776,-130.55333096822426,0.778240000000002,2.1473533003418535,106
113,-84.39783597915269,-128.57822232912417,0.7762600000000021,2.101937026636941,140
114,-20.07968269267505,-127.58406334245295,0.7742800000000021,1.8113839983940125,80
115,-88.47234445476656,-127.57370231537209,0.7723000000000021,1.9474220249963843,94
116,-107.56908943689936,-124.93506679574256,0.7703200000000021,1.9718137741088868,101
117,-77.91138984224071,-124.4375912517675,0.7683400000000021,2.176315005981561,130
118,-131.44411745608068,-123.02955390725849,0.7663600000000022,1.84528472688463,107
119,-31.353523435434795,-121.67858454129535,0.7643800000000022,2.215577357345157,72
120,-13.46024631506647,-118.71088252612623,0.7624000000000022,2.0982007601044397,177
121,-168.77184171311393,-119.43506554066757,0.7604200000000022,1.8740577506167548,113
122,-78.82652857066012,-119.12554985071169,0.7584400000000022,2.2866043282879724,145
123,-125.15786579364905,-116.54977650388383,0.7564600000000022,2.0916204082554786,115
124,-317.3629371428487,-119.46675767495493,0.7544800000000023,1.998599991986626,153
125,-90.75283086479757,-119.09464458815029,0.7525000000000023,1.9390719377994536,197
126,-197.49201003100177,-120.13802999152648,0.7505200000000023,2.29346142070634,114
127,-113.68805431924493,-119.46491510461658,0.7485400000000023,2.0537568114020606,87
128,-27.812389357365248,-118.46281533530743,0.7465600000000023,1.9829677319526673,201
129,-434.762395180905,-122.11608016971032,0.7445800000000024,1.9386286108117354,152
130,-86.78890884331989,-121.48135653183078,0.7426000000000024,1.9659364576692935,107
131,-22.776998930970194,-120.41755872580787,0.7406200000000024,1.7886295463587787,149
132,-169.65577585962222,-119.94524061740378,0.7386400000000024,2.093784811405035,102
133,-1.7815246578965116,-118.52200446750263,0.7366600000000024,1.9715282235826765,87
134,-81.37268328374066,-118.47855982503474,0.7346800000000024,1.8443271262305123,81
135,-220.7185992827961,-120.88838868209989,0.7327000000000025,2.055315585931142,122
136,-38.467433346294015,-120.4405494891451,0.7307200000000025,2.0871962819780623,82
137,-81.34871331190118,-119.85843653613628,0.7287400000000025,1.8077747775958135,104
138,-127.04469301161046,-120.19701621846713,0.7267600000000025,1.9536427096887068,134
139,-126.44991779622258,-117.69790057102156,0.7247800000000025,2.066800848642985,121
140,-111.22494989238619,-116.51321806291206,0.7228000000000026,1.8784706791241963,83
141,-175.9399356937261,-116.7284787110416,0.7208200000000026,1.8490716135129333,255
142,-97.95052005308266,-116.67119778422908,0.7188400000000026,1.8453171888987223,119
143,-298.32682060527713,-115.71688502984998,0.7168600000000026,2.0056609138846397,162
144,-213.14175224706497,-117.32486323502773,0.7148800000000026,2.0472293568379953,130
145,-130.13167224280312,-117.64073628200431,0.7129000000000026,1.9834522389703326,145
146,-180.40254709654178,-117.77350856435352,0.7109200000000027,1.8627284948642437,106
147,-283.8685592964699,-119.15362592762337,0.7089400000000027,1.9665013998746872,158
148,-72.83718046760201,-119.04156934320287,0.7069600000000027,2.051580448304453,126
149,-127.69268848945092,-119.46483902810066,0.7049800000000027,2.009074532624447,129
150,-150.70335367851104,-121.23599694238413,0.7030000000000027,2.006955080798694,114
151,-102.89329844166066,-120.92260553862948,0.7010200000000028,1.6338444027033718,88
152,-48.875414734137294,-119.5387457048438,0.6990400000000028,1.8449565058662778,85
153,-90.20718814390736,-119.4972223907978,0.6970600000000028,1.9532318115234375,172
154,-127.61048872623135,-120.23936548521782,0.6950800000000028,1.8833812410767015,146
155,-67.19705540646183,-120.13251205382494,0.6931000000000028,1.8075947815721685,89
156,-67.20381046311618,-120.12239901033223,0.6911200000000028,1.8951906495624118,106
157,-112.70576973773261,-120.22036568558268,0.6891400000000029,1.8675345109730233,164
158,-90.09678294234827,-119.46135642566145,0.6871600000000029,1.9633819069181169,142
159,-91.44824362915416,-119.22327630339379,0.6851800000000029,1.7864507865160704,129
160,-38.32341449285478,-118.92068937942982,0.6832000000000029,1.7736611610109156,175
161,7.616123406872276,-117.8562881649628,0.6812200000000029,1.8068522345274687,129
162,-319.59317709379457,-118.83030207495494,0.679240000000003,1.8474601592336382,140
163,-94.53247175395234,-118.83022882196657,0.677260000000003,1.7326892231191908,109
164,-9.663317090058172,-117.26534902522164,0.675280000000003,1.754131942987442,103
165,-57.710393828905396,-116.44736130366259,0.673300000000003,2.00405365973711,222
166,-69.41277631864568,-116.70786658636622,0.671320000000003,2.0153644492751672,153
167,-61.66362665266303,-114.47202218008519,0.669340000000003,1.848332841694355,161
168,-63.3267121610617,-112.61979358600887,0.6673600000000031,1.646814892689387,117
169,-79.7261681049886,-112.62798106628797,0.6653800000000031,1.6651642674749547,178
170,-128.12219532326853,-112.54739750551964,0.6634000000000031,1.699902306584751,136
171,-87.00482920319693,-112.57938048261269,0.6614200000000031,1.7240827176719904,129
172,-103.4659317597771,-113.21194565392994,0.6594400000000031,1.9100599271910532,139
173,-41.20029851136135,-112.2706112629011,0.6574600000000032,1.7474648963946562,102
174,-64.40728173514444,-112.01994265551274,0.6554800000000032,1.7054374814033508,98
175,-122.44450888113766,-112.0115581138287,0.6535000000000032,1.8084097625436009,149
176,-83.09365962392214,-110.08742180703088,0.6515200000000032,1.7417605607597917,105
177,-23.445548269336044,-109.25070823913394,0.6495400000000032,1.69441320002079,112
178,-102.96945660802642,-108.80043759438884,0.6475600000000032,1.6854307578093763,279
179,-109.45907699374602,-108.62109778020087,0.6455800000000033,1.647418923676014,125
180,-79.16514895195753,-109.08239132254572,0.6436000000000033,1.6437360005719321,169
181,-78.92199238338719,-108.28568397601937,0.6416200000000033,1.9086772960921128,191
182,-62.25811415351468,-105.75668052988445,0.6396400000000033,1.5260028091131472,206
183,38.33158026498921,-103.84742286453339,0.6376600000000033,1.666395416483283,126
184,-108.36190326435646,-102.79670312773064,0.6356800000000034,1.507586391435729,147
185,32.917866680839154,-101.23199999967487,0.6337000000000034,1.7329519476209367,166
186,-68.17242676706178,-101.01152782613964,0.6317200000000034,1.7047945324863707,113
187,-33.044575993599054,-100.19493661993255,0.6297400000000034,1.6833561956882477,104
188,-79.88142990539082,-99.13525410300534,0.6277600000000034,1.885528788373277,149
189,-23.473790479694316,-99.16585689773308,0.6257800000000034,1.6962485467565471,232
190,-89.20796912811393,-99.8154057212052,0.6238000000000035,1.5852340598901113,120
191,-93.81185050960592,-100.02803517692148,0.6218200000000035,1.618085253238678,118
192,-117.7978198757838,-99.26571728539686,0.6198400000000035,1.4937732777534387,158
193,41.671228641972796,-97.30233714720147,0.6178600000000035,1.79536385846138,1000
194,-90.54253390941129,-98.00192547197787,0.6158800000000035,1.8343741761313543,143
195,-189.77171954049248,-99.00686043682317,0.6139000000000036,1.9599172722908758,125
196,-91.58561567769344,-98.70733863841397,0.6119200000000036,1.8881353075089662,184
197,-82.95181262581909,-99.42218416484184,0.6099400000000036,1.914930522441864,136
198,-152.3003964569739,-100.49997499075839,0.6079600000000036,1.690451556444168,120
199,-86.62537742606358,-100.20014397483001,0.6059800000000036,1.7987184156389797,134
200,-86.5042576563985,-100.0471092549281,0.6040000000000036,1.7671437637750493,174
201,-115.87961065811653,-100.55978547423766,0.6020200000000037,1.7986401522701436,173
202,-57.94555278180793,-101.27124068782165,0.6000400000000037,1.6973587197642173,126
203,-73.16252019192261,-101.09764966661069,0.5980600000000037,1.7102895202115178,254
204,-48.05341987260492,-100.53377816276485,0.5960800000000037,1.8306335389614106,203
205,28.09698560388108,-99.99964000335673,0.5941000000000037,1.8483713507652282,197
206,5.501427310232231,-99.33831835895266,0.5921200000000038,1.7498960653940836,182
207,-104.35059032963899,-98.10132449333591,0.5901400000000038,1.807373293240865,119
208,-239.42572227253555,-100.06454871122116,0.5881600000000038,1.7862789441238751,264
209,-53.97976579796925,-99.38487288767064,0.5861800000000038,1.740516953847625,177
210,-91.37367796430435,-99.96725845151435,0.5842000000000038,1.5941388173536821,130
211,-19.563305760842482,-97.53977873153585,0.5822200000000038,1.5710437757628304,143
212,-69.19888722069618,-96.98919782950753,0.5802400000000039,1.7030692112942536,192
213,-240.3576366616974,-98.548795836333,0.5782600000000039,1.66826342902285,186
214,-47.118695942808486,-98.81918596883432,0.5762800000000039,1.6338684131514352,213
215,-190.9986006784038,-99.8444485310707,0.5743000000000039,1.742416971608212,150
216,-108.9910958235767,-99.85866859493746,0.5723200000000039,1.5656317033265765,153
217,-47.13188404780004,-99.55087353699304,0.570340000000004,1.6813031031239418,126
218,-12.253395114261238,-98.35896631357484,0.568360000000004,1.644975443299,207
219,-81.94500093520789,-98.86488108857259,0.566380000000004,1.6865338739894686,83
220,48.74054274031984,-98.24287319801871,0.564400000000004,1.6480156315565109,1000
221,-60.710866855464346,-97.16226344944224,0.562420000000004,1.6378326002432375,196
222,-179.51443427283692,-98.169142506464,0.560440000000004,1.8235350771153227,190
223,-78.06684171558068,-97.69823226568333,0.5584600000000041,1.750194557877474,170
224,-16.363120387678066,-94.6882340981316,0.5564800000000041,1.7190506181051566,174
225,-46.22609340034625,-94.24296672348709,0.5545000000000041,1.5151023410615467,83
226,-102.56354022390894,-93.29368202541616,0.5525200000000041,1.640222191810608,144
227,47.13846227398357,-91.68541685948388,0.5505400000000041,1.653952749490738,1000
228,-116.74123480404991,-92.57470531395073,0.5485600000000042,1.7296718839676148,122
229,-50.815230281856174,-88.73523366496025,0.5465800000000042,1.6230664871357106,109
230,120.83257584634505,-86.6590188180636,0.5446000000000042,1.7207862017154694,1000
231,-34.764330838748165,-86.77889213714137,0.5426200000000042,1.6619578214983146,96
232,-157.3942533885149,-86.6562769124303,0.5406400000000042,1.7012269496917725,354
233,-39.50519925834254,-87.03351365843474,0.5386600000000042,1.7696778394427954,408
234,-37.24181719481791,-86.59220499754554,0.5366800000000043,1.8124447990866268,201
235,13.338036183468319,-84.25163864288288,0.5347000000000043,1.9297079491615294,201
236,-75.16218694146009,-84.61858617883453,0.5327200000000043,1.7615034105414051,236
237,124.10797576957741,-82.56401928801975,0.5307400000000043,1.8037237896919252,1000
238,-36.2852607541418,-81.65642496544508,0.5287600000000043,1.7225012137339666,261
239,-198.02242054560395,-82.37214999293889,0.5267800000000044,1.827652497871502,147
240,-95.56816159695109,-82.21558210998454,0.5248000000000044,1.7410219136406393,70
241,-22.39385808416148,-80.68012133388888,0.5228200000000044,1.764525122502271,135
242,-153.01293395343333,-81.2307454728924,0.5208400000000044,1.5384610795974731,98
243,-15.946123007916981,-78.40693849691878,0.5188600000000044,1.5819992703018766,135
244,-47.871133082778854,-76.75423230527592,0.5168800000000044,1.6304296148674828,110
245,-105.64018527745039,-76.50931743562239,0.5149000000000045,1.6614529243329677,164
246,-232.35519273798252,-77.0288438920368,0.5129200000000045,1.871160093943278,181
247,-63.83574931704105,-74.82851579224251,0.5109400000000045,1.6557771986530674,122
248,-86.71478274418541,-74.96729181500834,0.5089600000000045,1.8370866635266472,275
249,-68.11304187954238,-74.37149534890925,0.5069800000000045,1.662144504842304,168
250,-234.0546043357079,-75.20500785548124,0.5050000000000046,1.6942264171583312,223
251,21.033321635050385,-73.96574165471412,0.5030200000000046,1.7194523228840395,176
252,-39.861616303477206,-73.87560367040754,0.5010400000000046,1.7044423940361186,372
253,-6.665706132155606,-73.04018885029001,0.4990600000000046,1.7292508568082536,168
254,-18.646844034268696,-71.9505524033704,0.49708000000000463,1.668563154182936,150
255,16.68506579708719,-71.1117311913349,0.49510000000000465,1.8018928258977038,191
256,-27.49683632181916,-70.71466144992193,0.49312000000000467,1.6070012875965662,252
257,-80.86481307531422,-70.39625188329774,0.4911400000000047,1.7418366746468978,219
258,-23.317731307505852,-69.72846136694932,0.4891600000000047,1.4939356247584026,142
259,-8.138650425543197,-68.89536543491322,0.4871800000000047,1.657695484161377,1000
260,-63.63803044179065,-69.14851159440256,0.48520000000000474,1.5712238245822014,188
261,-33.50978790819221,-69.55977070755321,0.48322000000000476,1.782868652901751,191
262,-6.642023137766174,-66.43025916799293,0.4812400000000048,1.5987592391345813,182
263,-103.50845408543515,-66.52001899130775,0.4792600000000048,1.6341305692474564,310
264,-29.703961240247068,-66.72042543280963,0.4772800000000048,1.4918176469864783,305
265,46.09996853885056,-65.68232180913208,0.47530000000000483,1.5389122366905212,118
266,-19.22776923002648,-65.18047173824588,0.47332000000000485,1.6481166985299853,181
267,0.412123734468139,-64.55971423437458,0.47134000000000487,1.580506724661047,220
268,28.137272727239576,-63.64507438549157,0.4693600000000049,1.5640520109580114,205
269,-222.70755747607876,-65.07488827920248,0.4673800000000049,1.6063074538340936,104
270,-75.17882505716963,-64.54545457654149,0.4654000000000049,1.5585994552011075,277
271,-176.15402134063453,-65.43694649791586,0.46342000000000494,1.690335605595563,147
272,-56.53654685029527,-64.96765264882103,0.46144000000000496,1.5693086246649424,122
273,-266.1930251097831,-67.21757991480526,0.459460000000005,1.5715109234369253,631
274,-108.92062769757818,-67.66271337442959,0.457480000000005,1.5604329199161169,214
275,16.111265899532018,-66.2771556266229,0.455500000000005,1.5015850095748902,1000
276,-21.912231173335485,-65.66534134211703,0.45352000000000503,1.618788698544869,104
277,37.93023806212855,-65.05158347880239,0.45154000000000505,1.5665981463023595,138
278,20.52615658732894,-63.816627346848826,0.44956000000000507,1.6233872114083705,157
279,-144.5895885380351,-64.16793246229172,0.4475800000000051,1.4725182407042559,204
280,-9.935220829916048,-63.47563318107131,0.4456000000000051,1.5724731551276312,286
281,16.92181074581579,-62.51719514977927,0.4436200000000051,1.522421370292532,117
282,-190.3566707730905,-63.79818071597503,0.44164000000000514,1.4468968946542313,267
283,-43.82347241299917,-64.61973124275491,0.43966000000000516,1.528733495593071,1000
284,-37.29804382775164,-63.90909264838888,0.4376800000000052,1.4263038408188593,85
285,-78.19200441608983,-65.02019135935817,0.4357000000000052,1.4953904709090358,275
286,-15.91261528331475,-64.4975932445207,0.4337200000000052,1.4433180730918358,350
287,-29.45064877927004,-64.4616539723774,0.43174000000000523,1.5017317533493042,381
288,-5.7108158162882035,-63.71994783148637,0.42976000000000525,1.3543975535704165,195
289,-4.747917010684607,-63.532689096796275,0.42778000000000527,1.3959006565809249,1000
290,17.720172120794025,-62.463407684307185,0.4258000000000053,1.4257896530628205,1000
291,-6.963182053733741,-61.594920999748474,0.4238200000000053,1.3967655138969421,1000
292,-102.90856152659465,-61.446028416256574,0.4218400000000053,1.432628974199295,1000
293,-18.850669607840246,-62.051247398754704,0.41986000000000534,1.4046978956582594,391
294,-110.87208203717857,-62.254542880032375,0.41788000000000536,1.401095546245575,1000
295,-78.09370171471838,-61.13776270177465,0.4159000000000054,1.3350658900717385,469
296,-83.61184177085202,-61.05802496270622,0.4139200000000054,1.4239973087863225,327
297,-47.90245227573624,-60.7075313592054,0.4119400000000054,1.3343939271908771,318
298,-52.681519687913564,-59.71134259151479,0.40996000000000543,1.3786964825729826,265
299,-98.01064446412245,-59.82519526189539,0.40798000000000545,1.234958432520492,316
300,-5.174959389134926,-59.01190227922274,0.40600000000000547,1.4299931745780141,155
301,-28.806958276752297,-58.141175755409094,0.4040200000000055,1.3717942334510185,146
302,-17.24478618841823,-57.734168089475205,0.4020400000000055,1.3117340811541383,284
303,14.22605783901556,-56.860282309165825,0.4000600000000055,1.3063370100259781,1000
304,-32.69615794921508,-56.706709689931934,0.39808000000000554,1.3967241019010543,239
305,-60.5373698020083,-57.59305324399082,0.39610000000000556,1.2934751581578028,168
306,43.24773061788201,-57.21559021091432,0.3941200000000056,1.2907795336629664,225
307,11.421676018932645,-56.057867547428614,0.3921400000000056,1.3081789300441742,1000
308,-39.01151291894334,-54.053725453892696,0.3901600000000056,1.2425614717006683,1000
309,25.26220163464388,-53.261305779566555,0.38818000000000563,1.2911318925619126,1000
310,-59.689047695957555,-52.9444594768831,0.38620000000000565,1.1252248267332712,121
311,-28.472601479217218,-53.033552434066834,0.38422000000000567,1.168227212203966,572
312,-115.90211311726858,-53.50058469303256,0.3822400000000057,1.2302873152143814,817
313,-52.25505267342735,-51.61955885314987,0.3802600000000057,1.1843627300262451,1000
314,-11.988908580659086,-51.26826097952837,0.3782800000000057,1.1387760321299234,180
315,-135.2660606326276,-50.71093557907061,0.37630000000000574,1.149697917488824,450
316,-63.61994007236578,-50.257224021558486,0.37432000000000576,1.1984410997629165,1000
317,-87.41974171539977,-50.66010259823449,0.3723400000000058,1.1861513286244636,410
318,-8.016374864366938,-50.617732395735565,0.3703600000000058,1.0276018721716744,278
319,-164.61381601942293,-51.4444205465777,0.3683800000000058,1.1800976480162422,861
320,-127.8986301682636,-53.21081227566355,0.36640000000000583,1.1333210123777389,1000
321,-64.24980955327993,-53.2462017026417,0.36442000000000585,1.1471947545409202,1000
322,33.75733379860401,-51.11348402192729,0.36244000000000587,1.1884042189039032,117
323,-73.31426507098368,-51.06595825548131,0.3604600000000059,1.1231605753898621,1000
324,-12.170760422819228,-51.02403465583273,0.3584800000000059,1.1315854759248969,581
325,-41.208431706887495,-50.973858038898136,0.3565000000000059,1.0896675100131912,198
326,-57.35889589126456,-50.52181159557169,0.35452000000000594,1.126388509631157,1000
327,-175.31041929322373,-52.74630041124377,0.35254000000000596,1.0718428756509508,840
328,-48.005357302242594,-52.05894163622569,0.350560000000006,1.075614665389061,1000
329,-105.08297300452027,-52.60161906345233,0.348580000000006,1.0276781953573226,1000
330,-41.764401701014556,-54.22758883892593,0.346600000000006,1.000830802500248,1000
331,-3.7003817027020967,-53.91694934756547,0.34462000000000603,1.043994448542595,1000
332,-72.5924574591457,-53.06893138827178,0.34264000000000605,1.03637586581707,1000
333,-75.74514611030531,-53.43133085679141,0.34066000000000607,0.9805445828437805,1000
334,-40.813165865726546,-53.46704434350049,0.3386800000000061,1.0059200571728992,309
335,-39.1210029901143,-53.99163473523631,0.3367000000000061,1.0142023915052414,1000
336,-26.034725951919157,-53.50036012534091,0.3347200000000061,0.9903615073652456,604
337,-80.68759093450427,-55.54831579238173,0.33274000000000614,0.9882559077739715,1000
338,-32.4228009924136,-55.509691194764436,0.33076000000000616,0.9972321574091911,1000
339,-188.93145989624054,-55.41878158827081,0.3287800000000062,0.9379002556724604,685
340,-108.51510400271037,-55.5482510123284,0.3268000000000062,0.9401872913837432,1000
341,-75.5415147466704,-56.07972757895348,0.3248200000000062,0.9168383195400238,1000
342,-94.32194722243834,-55.49281771164354,0.32284000000000623,0.9056860615611076,1000
343,-127.098913513659,-56.60434561670095,0.32086000000000625,0.9267812941670418,1000
344,-28.814881940074976,-56.413783105273914,0.31888000000000627,0.9257456950545311,1000
345,-142.01000121298955,-56.7774812646293,0.3169000000000063,0.9277709329462781,784
346,-19.766321405479772,-54.65159255130428,0.3149200000000063,0.9502779141664505,1000
347,-5.403889911263023,-54.0672739572465,0.3129400000000063,0.9063293445110321,1000
348,-17.40215122182232,-53.37414764202287,0.31096000000000634,0.8854472420811653,1000
349,-27.329560388265605,-52.9663128271101,0.30898000000000636,0.8392187823653221,1000
350,-110.52839017761235,-51.73105068552914,0.3070000000000064,0.929420209646225,1000
351,-152.97770245503176,-53.47116092642997,0.3050200000000064,0.8452079156766067,741
352,-25.046607299897683,-53.323010836394175,0.3030400000000064,0.8688926854133606,1000
353,-134.08351024448635,-54.59718887751749,0.30106000000000643,0.8367682512729399,619
354,-2.1856378495977973,-54.43257681567077,0.29908000000000645,0.8734036604166031,1000
355,-40.05028768841249,-54.99993035052577,0.29710000000000647,0.8361435718536377,1000
356,-87.83899832695046,-55.60335197057709,0.2951200000000065,0.8271404478549957,1000
357,-22.065117622594776,-55.015355016049895,0.2931400000000065,0.8356455215215683,1000
358,-107.00099830480582,-55.85218768602289,0.2911600000000065,0.7910734223127365,1000
359,-84.58109387540009,-56.61661212052146,0.28918000000000654,0.8184987114667892,1000
360,2.5459196407329157,-55.95477261969622,0.28720000000000656,0.8630572454333305,1000
361,-118.82238903776395,-56.80789863099194,0.2852200000000066,0.827716298520565,1000
362,-51.996343533460106,-57.26144183494888,0.2832400000000066,0.7830371366143226,1000
363,-92.43525484128125,-57.15070984250735,0.2812600000000066,0.7248537313342095,1000
364,11.547038098470168,-56.738199849120186,0.27928000000000663,0.8762932598590851,141
365,-175.76415833219255,-58.95684111783062,0.27730000000000665,0.7368898335943885,749
366,-89.72144206644941,-59.66177784619484,0.27532000000000667,0.7332290125489235,1000
367,-79.59735754991719,-60.4618726590387,0.2733400000000067,0.7408741237521171,1000
368,-89.25512818958455,-61.63579666820694,0.2713600000000067,0.7088557730118433,312
369,-32.194480895699655,-59.730665902403146,0.2693800000000067,0.6881182451248169,1000
370,-31.02997096876705,-59.289177361519116,0.26740000000000674,0.6668220037221908,1000
371,-25.63432497961324,-57.7839803979089,0.26542000000000676,0.6691650067567825,1000
372,-23.25784395219444,-57.451193368927896,0.2634400000000068,0.6749187705218792,1000
373,-20.0367967861427,-54.98963108569149,0.2614600000000068,0.6576187001466751,1000
374,-246.85083106510385,-56.36893311936676,0.2594800000000068,0.6214857561136383,612
375,-48.07922381409994,-57.01083801650307,0.25750000000000683,0.6341060479879379,1000
376,-40.185486845269544,-57.1935705732224,0.25552000000000685,0.6063255124688148,1000
377,5.54668819697071,-57.51740607187398,0.25354000000000687,0.5931108434796333,1000
378,-82.60298202829117,-58.548697458030176,0.2515600000000069,0.5784575145244598,1000
379,-88.65711030198295,-57.98937267566966,0.24958000000000688,0.5531513837575912,1000
380,-26.459409844472766,-58.15461456581523,0.24760000000000687,0.5422772241234779,1000
381,7.440861867830675,-58.249424054595075,0.24562000000000686,0.5422680932432413,1000
382,-14.492536782854895,-56.49078271469271,0.24364000000000685,0.5309996545910836,1000
383,-52.34352102783416,-56.575983200841065,0.24166000000000684,0.5544818081855774,1000
384,-23.889658661962805,-56.44189934918317,0.23968000000000683,0.5141931738257408,1000
385,-22.626666512462307,-55.886245970146895,0.23770000000000682,0.509671955704689,1000
386,-46.463891194359974,-56.19175872925735,0.2357200000000068,0.45329609513282776,111
387,-28.83579711517339,-56.185610212616396,0.2337400000000068,0.5022291601300239,1000
388,-32.875131315231314,-56.457253367605816,0.2317600000000068,0.49389083912739384,105
389,-34.86905410097033,-56.758464738508685,0.22978000000000678,0.5065566382408142,1000
390,-66.2556549514575,-57.59822300923119,0.22780000000000677,0.547313439633165,281
391,-21.625580909468518,-57.744846997788535,0.22582000000000677,0.4837930050492287,1000
392,-34.54149999999123,-57.0611763825225,0.22384000000000676,0.4592517389655113,1000
393,-49.02181342785848,-57.36288782072268,0.22186000000000675,0.48115130349993707,1000
394,21.951908325226743,-56.034647917098624,0.21988000000000674,0.4704071348011494,1000
395,-18.055794826473445,-55.43426884821618,0.21790000000000673,0.4422546960413456,1000
396,-48.66144098763493,-55.084764840384004,0.21592000000000672,0.4733113132119179,1000
397,152.06549333394412,-53.085085384287204,0.2139400000000067,0.4798293775872679,604
398,-40.50298768753501,-52.96330006428342,0.2119600000000067,0.4455795085132122,1000
399,-25.00091686400307,-52.233202788282235,0.2099800000000067,0.4384468825757504,1000
400,-11.253323126158184,-52.29398642565246,0.20800000000000668,0.4355263210535049,1000
401,-48.75876743410839,-52.49350451722601,0.20602000000000667,0.4048264039158821,1000
402,-34.40398735982501,-52.66509652894008,0.20404000000000666,0.3787942320406437,1000
403,-4.61863927390845,-52.85354350006932,0.20206000000000665,0.3818656663298607,1000
404,-64.6129694727491,-53.17271161530467,0.20008000000000664,0.3656778817176819,1000
405,-2.6884774455519125,-52.59422269174011,0.19810000000000663,0.3705937244296074,1000
406,-55.25954135289666,-53.5792954114479,0.19612000000000662,0.36028686493635176,1000
407,-56.57022111854265,-54.25921438282265,0.1941400000000066,0.3457336810827255,1000
408,25.698782143237924,-53.61211143220085,0.1921600000000066,0.33846556541323664,1000
409,-30.112598010932775,-54.1658594286566,0.1901800000000066,0.3297228266000748,1000
410,30.965324474060807,-53.259315706956414,0.18820000000000658,0.31570865869522097,1000
411,-29.812645639528167,-53.27271614855953,0.18622000000000657,0.307028019964695,1000
412,-38.676808968907864,-52.50046310707592,0.18424000000000657,0.3066117793917656,1000
413,-29.25751696566554,-52.270487749998296,0.18226000000000656,0.2992075966745615,1000
414,0.3437712722666711,-52.14716095146904,0.18028000000000655,0.29455822148919103,1000
415,-47.605849135599804,-51.27055883649876,0.17830000000000654,0.2721710353344679,1000
416,-25.074082012056135,-50.885100255895665,0.17632000000000653,0.27741151915490625,1000
417,-53.86735615570767,-50.54957640029875,0.17434000000000652,0.2572439514696598,1000
418,21.479737120795086,-50.25461528044713,0.1723600000000065,0.2580885648131371,1000
419,-17.847103658631333,-48.78694815683922,0.1703800000000065,0.25648260305821896,1000
420,-10.279816342465697,-47.61076001858124,0.1684000000000065,0.2513189774155617,1000
421,-30.75659376923732,-47.27582786074081,0.16642000000000648,0.24106568188965322,1000
422,2.085469970964982,-47.592546499017196,0.16444000000000647,0.23238679997622966,1000
423,-24.210715699879078,-47.10151100530615,0.16246000000000646,0.22183749273419381,1000
424,-11.385814291266433,-47.09366154399063,0.16048000000000645,0.23338005430996417,1000
425,-33.92721626926821,-47.020849389614426,0.15850000000000644,0.21920969073474408,1000
426,-29.321382865448467,-46.740474259356276,0.15652000000000643,0.2314328022003174,1000
427,-0.23076542739465744,-44.98967772069799,0.15454000000000642,0.23147970202565193,1000
428,39.311848988211864,-44.11650565779344,0.1525600000000064,0.2006569164991379,97
429,-16.701559139340485,-43.232691519141646,0.1505800000000064,0.22177467049658298,1000
430,31.868932750145845,-42.49635817463004,0.1486000000000064,0.20491152507066726,1000
431,-9.951650220984277,-42.558870859812856,0.14662000000000638,0.20744751362502575,1000
432,13.065874814290453,-41.70228753707849,0.14464000000000637,0.20243303798139095,1000
433,5.511052951667674,-40.88972554645877,0.14266000000000637,0.19087175999581812,1000
434,-17.047006660868075,-40.65206395441019,0.14068000000000636,0.20195365311205388,1000
435,2.2022707502107832,-40.23883121700693,0.13870000000000635,0.1871830465644598,1000
436,-4.987497544760981,-40.028358932935355,0.13672000000000634,0.18175057491660118,1000
437,26.624368300143637,-38.955239340588875,0.13474000000000633,0.1752261347025633,1000
438,-40.42198825190695,-39.03523121318381,0.13276000000000632,0.18510260793566705,1000
439,-18.9756991193996,-37.335673605415394,0.1307800000000063,0.17182453007996082,1000
440,-6.822806635591552,-36.31875063174421,0.1288000000000063,0.1651842021048069,1000
441,-148.0505358548254,-37.04384084282575,0.1268200000000063,0.16885148754782892,356
442,-3.672417870726635,-36.13734554930864,0.1248400000000063,0.15879307913035154,1000
443,-20.524070646014625,-35.07159712063219,0.1228600000000063,0.15388263097405433,1000
444,-22.67193435544414,-35.01016764478589,0.1208800000000063,0.15838640503585338,1000
445,-17.27709853594783,-33.76283861801548,0.1189000000000063,0.14924577427655458,1000
446,-13.628663331901048,-33.70146203727968,0.11692000000000631,0.15089310642331838,1000
447,-10.04770074839775,-33.74790014565103,0.11494000000000631,0.1503359567373991,1000
448,8.035069123782488,-33.49352794219498,0.11296000000000632,0.14474101416766644,1000
449,-16.46738001598501,-33.384906138472175,0.11098000000000632,0.14438002812862397,1000
450,-37.166835154573846,-32.65129058824179,0.10900000000000633,0.14299287483096124,1000
451,8.510519783858932,-31.036408365852882,0.10702000000000633,0.14185505536943674,1000
452,-33.2285417651129,-31.11822771050503,0.10504000000000634,0.1375684450045228,1000
453,-19.97316543640401,-29.97712426242422,0.10306000000000634,0.13544885921105743,1000
454,-4.0388984968330695,-29.995656868896567,0.10108000000000635,0.12701158904284238,1000
455,-5.120445782676579,-29.64635844983921,0.09910000000000635,0.13042837217450143,1000
456,27.41931241258139,-28.493775342443893,0.09712000000000635,0.1308988988995552,1000
457,133.47505962918132,-26.938373569926128,0.09514000000000636,0.12554994624124133,928
458,18.679739558154647,-25.68156619129652,0.09316000000000636,0.12396547766774893,1000
459,164.61651728322346,-23.18959007971029,0.09118000000000637,0.1245371624827385,670
460,-1.4266961183223739,-23.22931623730084,0.08920000000000637,0.11893037568032741,1000
461,231.76941997376605,-19.723398147185538,0.08722000000000638,0.12203234550710633,555
462,-9.42655532588002,-19.29770026510974,0.08524000000000638,0.12386837773025036,1000
463,145.68790799566165,-16.916468636740312,0.08326000000000638,0.12047747431133321,670
464,-12.151189030654674,-17.15345090803156,0.08128000000000639,0.12004867997393012,1000
465,219.3013510793292,-13.20279581391634,0.0793000000000064,0.12684186811304904,439
466,-107.35044295936132,-13.379085822845461,0.0773200000000064,0.12264640200658734,662
467,9.126226553546605,-12.491849981810821,0.0753400000000064,0.11456223376840353,1000
468,-56.67693368192779,-12.166068036734254,0.0733600000000064,0.1261396450212314,507
469,-10.105540504912865,-11.945178632826385,0.07138000000000641,0.12737675545364618,1000
470,13.100901587982511,-11.50386990725889,0.06940000000000641,0.11361358150839805,1000
471,0.3788456605381767,-11.243738200857374,0.06742000000000642,0.12541325442492962,1000
472,182.83548895241023,-9.18280487181133,0.06544000000000642,0.11294887793829313,441
473,-8.756456071178835,-9.070001464661692,0.06346000000000643,0.11882979173958301,1000
474,-5.453970245825084,-6.656032856468904,0.061480000000006425,0.1065129763185978,1000
475,26.304092864470782,-5.912199689683195,0.05950000000000642,0.10884991317242385,1000
476,-6.219762436342114,-5.572542445593921,0.05752000000000642,0.1129733607172966,1000
477,11.01449427201267,-5.517864384843501,0.05554000000000642,0.10961937429942191,1000
478,-33.63646250353017,-5.028199189595893,0.053560000000006415,0.11291307530924678,1000
479,205.11141457762,-2.0905139407998634,0.05158000000000641,0.11555453913532338,427
480,-32.54825565616965,-2.1514023989168316,0.04960000000000641,0.11093276393413544,1000
481,-101.01824275972503,-3.2359934451923884,0.04762000000000641,0.10984175766889866,259
482,149.94711011096888,-1.5915969762541504,0.045640000000006405,0.1133499014377594,298
483,-87.50606039131524,-1.9432223698889617,0.0436600000000064,0.09768352765505287,353
484,15.487443924911407,-1.549451344020219,0.0416800000000064,0.10563667315617203,1000
485,3.3706400451366525,-1.2894782784442302,0.0397000000000064,0.10743339888751507,1000
486,-23.791098144093368,-1.0627503479415639,0.037720000000006394,0.0970896726027131,1000
487,130.45110337474438,0.5301186569576137,0.03574000000000639,0.10094468726789298,878
488,270.80984938290453,3.5669684639389727,0.03376000000000639,0.11139477405916243,337
489,242.27548837751033,6.338413888723779,0.031780000000006386,0.10261817962476392,331
490,212.44148357147625,9.125385273953116,0.029800000000006387,0.10385255778537077,408
491,22.38060471888925,9.565447130236693,0.027820000000006388,0.09996125274151564,1000
492,-10.619765367495,9.804664476561657,0.02584000000000639,0.10652495967969298,1000
493,-24.72668083695111,10.047615802470732,0.02386000000000639,0.1076783244162798,1000
494,155.12820694560787,11.37937878867454,0.02188000000000639,0.09860175849407687,530
495,-25.95405706056734,11.300396166333604,0.019900000000006392,0.11049584996700287,1000
496,-30.632000187478422,11.480690574335167,0.017920000000006393,0.10288793550431728,1000
497,-16.224961930428197,9.797786021691444,0.015940000000006393,0.10401231171190739,1000
498,-21.356099736366577,9.989254901203129,0.013960000000006394,0.09629447948932647,1000
499,194.44669261538883,12.183730995997047,0.011980000000006395,0.10269417312962037,541
500,301.08197493290106,15.307083976587641,0.010000000000006396,0.1073255827398719,296
501,-8.355489619681876,15.711116754731906,0.01,0.10228199898824096,1000
502,-27.714924913459477,15.77800737919556,0.01,0.0949310010150075,1000
503,-22.81981243796591,15.595995647554988,0.01,0.09911010646075011,1000
504,-15.320530106649478,16.088920041215978,0.01,0.0987695458009839,1000
505,-39.05157490768747,15.725289066594625,0.01,0.09724695234000683,1000
506,-22.679027738413687,16.051094202739456,0.01,0.08798364435881376,1000
507,10.970038086790254,16.726496794792787,0.01,0.09619508594274521,1000
508,12.965525412453653,16.599164227484945,0.01,0.09421352519094944,1000
509,-44.52252950527184,16.45506491254155,0.01,0.08893214055150747,1000
510,-27.071923573980083,15.874692432061142,0.01,0.10002781542390585,1000
511,177.9326676622693,17.952145565079118,0.01,0.09325502172974097,587
512,257.7291714881791,20.916205369649987,0.01,0.08129041871034551,348
513,-28.03779199162083,20.928402619390432,0.01,0.09368551981076598,1000
514,30.767494195075855,21.232639848618522,0.01,0.08928361523151397,1000
515,-12.339910474225427,21.58529923523227,0.01,0.08448185940459371,1000
516,-18.653255882459796,21.649507496528237,0.01,0.08423917151987553,1000
517,17.88016617405602,22.366982719825874,0.01,0.08739026154577732,1000
518,181.67812627965077,23.968966611414427,0.01,0.08752219161094978,686
519,8.387893776986179,24.231316585770607,0.01,0.08696627341210843,1000
520,-5.748490420904925,24.27662984498621,0.01,0.08765075776726007,1000
521,2.8027613537027145,24.61222339621561,0.01,0.0821300730779767,1000
522,23.876611517595776,24.83013481168192,0.01,0.09159167081862687,1000
523,16.889791916213127,25.24113988784284,0.01,0.08372958388365805,1000
524,-9.464307883906116,25.260354951916444,0.01,0.08146142475306987,1000
525,5.945323309217978,25.659080347701305,0.01,0.09086841220036149,1000
526,-37.29167166062297,25.579377459749562,0.01,0.08122734121233224,1000
527,254.08048767271237,28.122489990750633,0.01,0.08762481143978769,292
528,162.13688695040884,29.350740370372606,0.01,0.08750329998871073,623
529,-28.00989351569531,29.237657026609057,0.01,0.08454845729283988,1000
530,182.7998532317896,30.746966231425496,0.01,0.07924501672300084,857
531,168.4403478284616,32.53088621191995,0.01,0.08675013168389539,994
532,-7.267263743502854,32.327554826342016,0.01,0.08142181135714054,1000
533,-21.72653916977944,32.05517890512755,0.01,0.08589635732024908,1000
534,-6.2592710318935465,32.16305626141729,0.01,0.08397314387559891,1000
535,-11.209183871454876,32.02894171520063,0.01,0.08006054635345936,1000
536,-6.725789517437757,32.01155879547387,0.01,0.07928562546893954,1000
537,199.22848705777818,33.73759998305022,0.01,0.08048281468959018,442
538,10.580096506107393,34.24762083063036,0.01,0.07758166695013642,1000
539,190.7935133907443,36.3453129557318,0.01,0.08099821551144123,499
540,129.68819932447985,37.71042301533251,0.01,0.08137317882235146,943
541,5.2210509754456975,39.243138883635226,0.01,0.08564897634088993,1000
542,-14.203978419761587,39.13782327814487,0.01,0.08443390780687332,1000
543,162.90490969114063,40.972113081516426,0.01,0.08149209145086868,526
544,265.8556295800553,43.85738872087141,0.01,0.07999929069197392,444
545,-47.14829977462607,43.55867670848463,0.01,0.08213495793193579,1000
546,36.766248415712006,44.06262582596076,0.01,0.08112808280810714,1000
547,236.42388934366048,46.52734172688134,0.01,0.0792412452865392,414
548,-26.690522388660188,46.18008581175691,0.01,0.08322456799820066,1000
549,-9.103680881595652,46.25372280310081,0.01,0.07702920798957348,1000
550,-19.972253199326175,46.42566862265328,0.01,0.08210088213533163,1000
551,-15.575483655278962,46.184808588261916,0.01,0.07801819877699018,1000
552,175.92672294291967,48.276361235342236,0.01,0.07085291946389873,629
553,-6.599037464221083,48.410102515064054,0.01,0.07818146156519651,1000
554,-45.365436680006454,47.99683713323233,0.01,0.07491701881214977,1000
555,6.403723160610017,48.11207882266519,0.01,0.08311183160170912,1000
556,-3.4493582286364237,47.803392116253015,0.01,0.07564691883325576,1000
557,-13.37280150167151,46.33491350494449,0.01,0.07600622365064919,1000
558,-19.996363216142523,45.94815247720152,0.01,0.07452081838622689,1000
559,194.13256933186392,46.24331299768792,0.01,0.07571297096464918,770
560,3.4810716509427593,46.29239067538058,0.01,0.07611131243035198,1000
561,31.77574750320881,44.292453950675,0.01,0.0715190135166049,1000
562,186.70812174526512,46.25380072138646,0.01,0.07005823957525305,537
563,211.42058467064248,46.91112748813626,0.01,0.07234815012726213,475
564,-29.38874080738203,46.73875197036899,0.01,0.07257441772520543,1000
565,-35.93520441277816,44.18638641544791,0.01,0.0739906741976738,1000
566,7.554053965729284,45.33543138469882,0.01,0.0700762411132455,1000
567,277.987144140562,48.02404056056898,0.01,0.06860576907400878,393
568,-36.57540565261159,48.22505584086214,0.01,0.07300058753415942,1000
569,-25.29872254935762,48.07312402041769,0.01,0.07276893662288784,1000
570,275.87589943815647,50.700873998919434,0.01,0.07288161079448305,305
571,15.390555870158794,50.850991101015644,0.01,0.0747754294462502,1000
572,160.78489093853943,50.630485120876926,0.01,0.0688586815014341,849
573,-52.53055673201456,50.19274411426858,0.01,0.07806341472640634,1000
574,195.69474040132508,52.20423122074008,0.01,0.07004629337461665,766
575,254.51119445635644,54.48630223665893,0.01,0.07745677077237072,436
576,-27.21160120108023,54.276383849011545,0.01,0.06996213327720761,1000
577,-13.908099534938376,54.027157910942044,0.01,0.06885025740414857,1000
578,269.07979873451586,57.054320523322495,0.01,0.06212704425145473,280
579,29.473839757318203,55.297944775119475,0.01,0.06567996414750814,1000
580,251.54463130955213,58.13887364477669,0.01,0.06582990448150011,444
581,-3.09281955786928,59.11812787679525,0.01,0.07160028640925885,1000
582,235.10115527580442,59.96966832844361,0.01,0.06843176882359243,422
583,10.347142306165736,60.94820035541842,0.01,0.0658758959658444,1000
584,-40.150790174747776,60.39181801442182,0.01,0.06475343988090754,1000
585,176.70693071183314,62.1251809210888,0.01,0.06668177941547973,560
586,176.48642360089832,64.1279561385387,0.01,0.06513184681534767,936
587,244.40875015710895,65.26753260636235,0.01,0.06775350797713012,572
588,171.7559040306228,64.27699315283955,0.01,0.06072779654486645,675
589,215.56932664063558,64.0099315354708,0.01,0.06417835051182746,672
590,215.92013385595385,64.04471803831558,0.01,0.06528554092712548,393
591,0.34274162474944997,63.824339407374175,0.01,0.05978957322612405,1000
592,259.8535833311852,66.52907289436098,0.01,0.06016197884134177,346
593,275.6700323893386,69.53304002662387,0.01,0.07176552098934297,326
594,1.6393770876941116,67.99815172804473,0.01,0.058451836053282025,1000
595,-37.6980842815486,67.88071145583491,0.01,0.05883587093651295,1000
596,271.2916502844011,70.8999479605537,0.01,0.06498317719053696,405
597,24.033343123116808,71.30253101108916,0.01,0.059904526360332964,1000
598,28.597058965449445,71.80206259810733,0.01,0.06088438742607832,1000
599,-33.768663403896426,69.51990903791447,0.01,0.0602182846236974,1000
600,22.776084993065407,66.73685013851612,0.01,0.05990938620828092,1000
601,265.3607792709588,69.47401282742253,0.01,0.05877161434408827,488
602,250.58737649329757,72.2570358414901,0.01,0.05107722947404029,498
603,-12.523841643093498,72.35999554943882,0.01,0.056746614795178174,1000
604,28.003735166822114,72.79323820217354,0.01,0.05519924463704228,1000
605,214.04225284224864,75.3241764796729,0.01,0.05593571084979418,741
606,193.78398818534782,77.48880663891052,0.01,0.05305944343518394,830
607,15.469574826896242,77.53380200631157,0.01,0.06033533011563122,1000
608,247.95467223294168,79.88369347451645,0.01,0.051926504801182695,480
609,253.481458391584,82.863733353485,0.01,0.05302915299454561,520
610,201.95888528913895,85.1540414421162,0.01,0.05002018926011044,672
611,-11.247354183985447,83.26224122365363,0.01,0.05308518201857805,1000
612,234.86656773464557,83.03361518611831,0.01,0.04998088663345889,379
613,13.50578191130098,83.44905092514755,0.01,0.052317685509100556,1000
614,255.83391914632767,85.69971517466006,0.01,0.048998437776655246,414
615,18.131367737058856,86.00442795677289,0.01,0.04858853824622929,1000
616,28.80204401714863,86.47898095576899,0.01,0.05866182452646663,297
617,228.92048961932295,88.58938419022165,0.01,0.05730506114661694,397
618,210.98648974942765,88.8824678249194,0.01,0.05335966472380928,561
619,207.91168755787072,90.87770576272827,0.01,0.05606955400746287,525
620,237.5044372135752,93.31023503907305,0.01,0.05534315486796773,518
621,-6.268356208312871,93.2195238634529,0.01,0.052241007888689635,1000
622,-1.7384844940896083,92.96337290333605,0.01,0.05185339721664786,1000
623,150.01159648649033,94.29459094903883,0.01,0.0551885512135062,952
624,15.597061391319224,94.5452046417911,0.01,0.051120254144072536,1000
625,226.599725172206,96.75174866042096,0.01,0.050910490461094075,487
626,8.669613718579503,97.21136151421298,0.01,0.0529259787555784,1000
627,225.03931169334493,96.92094975441931,0.01,0.05301027686800808,416
628,-30.015668935491473,94.9994241955603,0.01,0.05178406171500683,1000
629,248.8066197167231,97.7675893278845,0.01,0.05224477997981012,357
630,31.649253318572036,96.2560833287523,0.01,0.05044808225147426,1000
631,259.8348902666396,97.1700287531341,0.01,0.056953479959206146,573
632,255.26428651206368,99.79534425568976,0.01,0.04874234795126887,337
633,22.749524010502494,100.24010488749258,0.01,0.04889498314447701,1000
634,240.7753388949806,102.71045098676132,0.01,0.052018867970521875,385
635,-34.18507602687878,102.48069206520708,0.01,0.05450235451944172,1000
636,-8.69940495510333,102.46095591083042,0.01,0.050282929066568616,1000
637,198.4484618480476,102.45315565873312,0.01,0.0509854621972566,507
638,184.25016549103032,104.18985634858234,0.01,0.04937856753936923,488
639,23.754378501066633,102.51946499968555,0.01,0.050380603106692436,1000
640,178.53733232323637,103.00795632967312,0.01,0.051684591146301924,965
641,234.25246547272405,105.2982704746459,0.01,0.048048793584502376,413
642,252.68012895695136,107.96711154841304,0.01,0.049596178170159155,390
643,263.49263069368976,108.97298875843855,0.01,0.0547378273991247,419
644,231.51160780998995,108.62954854073789,0.01,0.05674081666516923,428
645,207.8444661718437,111.17947620020259,0.01,0.05155053345534282,469
646,179.9155037344994,112.61096875339044,0.01,0.052494982459826305,672
647,32.35458832176614,110.57027574317152,0.01,0.054400198332965374,1000
648,212.4549622195055,112.96173058925318,0.01,0.0500113986932707,430
649,178.3407761449023,114.83617515951815,0.01,0.054174105923007664,873
650,268.60913912887895,117.7219890828002,0.01,0.05155791411137519,384
651,201.92889194520453,119.89703283880505,0.01,0.056007323230953275,476
652,146.39960922385825,119.6017617016144,0.01,0.05285204930574094,761
653,194.15470842454272,121.60929916050208,0.01,0.05531540809425752,590
654,17.733827087163533,122.24029179817377,0.01,0.05089263635315001,1000
655,8.056964920884417,122.2568242157765,0.01,0.05373885839432478,1000
656,179.34167626863024,124.08473456074917,0.01,0.05423991370739208,362
657,12.970275405135324,124.34816532981726,0.01,0.051276494171470406,1000
658,230.88161105440477,126.85694507252272,0.01,0.05296733059172689,567
659,255.97926138714166,127.47541199307548,0.01,0.050395920932134415,377
660,29.2443006676746,127.73304428324282,0.01,0.053400438582524655,1000
661,45.865315527023355,127.87393996348095,0.01,0.051073200508952143,1000
662,-22.196553502453476,125.78489321100378,0.01,0.05227135740220547,1000
663,18.561566634166766,123.85630303063903,0.01,0.053686201613396406,1000
664,38.762648946270076,124.53781692817556,0.01,0.050301814913749694,1000
665,170.1198837584313,126.59836780988763,0.01,0.05302783476069251,749
666,24.24945274125181,126.76532179764287,0.01,0.04477076209150255,1000
667,6.92103811743344,124.05466073741155,0.01,0.053562257312238216,1000
668,-84.70517061252035,123.57336308781247,0.01,0.053758231095141835,396
669,216.9494885352458,125.9958451986585,0.01,0.04912092496579799,545
670,188.9036917575758,125.12612312185269,0.01,0.05416183881350085,668
671,223.83449788353457,127.21056254198646,0.01,0.05246810390493802,496
672,191.45197517845793,127.51723338438563,0.01,0.05238099133066081,439
673,220.0427633393852,130.24296658509965,0.01,0.04985820516415032,647
674,37.30671812885208,128.6590863623749,0.01,0.050923229103907945,1000
675,233.76252548103946,128.45159967262174,0.01,0.05591238450677115,393
676,26.404880703288818,128.98776449166542,0.01,0.053732301266863944,1000
677,-6.344142230715543,129.06340406470767,0.01,0.05190905721671879,1000
678,-2.3251606854736644,126.34935447050776,0.01,0.05054504478443414,1000
679,191.9048194723513,127.97366426765811,0.01,0.04898426798474673,615
680,-29.317208774098415,125.1650458668216,0.01,0.047538504641503096,1000
681,238.52970782317007,127.581271140632,0.01,0.04722741830835838,405
682,188.9618351975663,127.11987793984963,0.01,0.04984441625752619,502
683,216.55385803880267,129.18194509717597,0.01,0.047206807079471946,691
684,232.4013480845866,131.9074664797693,0.01,0.051650658151244415,343
685,165.60871689621894,131.79648434161317,0.01,0.05320455856492807,695
686,156.5441888308477,131.59706199391266,0.01,0.049800851406540315,692
687,26.080432602613392,129.41377881836772,0.01,0.04804096095822751,1000
688,-33.08030394841695,127.36541673857734,0.01,0.04843958710320294,1000
689,-86.604152791278,124.34368194425821,0.01,0.043463907082025945,150
690,205.423372014687,124.23871432584554,0.01,0.04993332882503761,648
691,16.8963731586271,124.4042506411843,0.01,0.04907805353030562,1000
692,20.062287890690758,122.00633768677935,0.01,0.05000903148576617,1000
693,-15.988542619459825,119.08975193669136,0.01,0.048206529000774025,1000
694,203.9831496853616,121.11318966266805,0.01,0.04839833056962306,358
695,208.7831509124658,123.57800201460822,0.01,0.045707269090363815,357
696,212.84439980045062,122.9935295097687,0.01,0.048995576112183054,395
697,6.9395637464320385,122.82259171600182,0.01,0.049180968193337324,1000
698,10.70936088075648,122.64371473515492,0.01,0.04814172172173858,1000
699,189.524847852912,124.876649847723,0.01,0.04773411177873811,595
700,241.39848308867744,127.06287382867909,0.01,0.05191819622652025,372
701,232.50606666595613,126.73432670262908,0.01,0.051713469379310366,315
702,28.70103975976229,124.51546333529372,0.01,0.04496146565582603,1000
703,221.68133056932894,126.85751505741793,0.01,0.04582417894373922,343
704,24.255732082055356,126.8200350265703,0.01,0.04756453723274171,1000
705,184.90894255449473,126.52870192369275,0.01,0.04403874559774379,484
706,192.1264600815572,126.51212664265486,0.01,0.04692333650515898,629
707,179.19272692212067,128.1493581636071,0.01,0.043854647153219975,574
708,208.16413892523906,127.75145283053007,0.01,0.04486672202539113,358
709,22.48790258265458,125.44151727244078,0.01,0.05045583405531943,1000
710,157.50035857762845,124.99693200532568,0.01,0.0465514902310032,722
711,187.0838690932083,126.98024423809758,0.01,0.04978147847162161,448
712,199.76837103589645,126.62926227111011,0.01,0.04471907408230684,438
713,243.85774281092807,128.93278188010638,0.01,0.0445140243590444,319
714,20.42553622395483,126.57869805088265,0.01,0.04765945683605969,1000
715,171.33772761352802,128.11076164964734,0.01,0.04943414956866072,404
716,205.81701232716432,129.8809113327475,0.01,0.04667964308565959,343
717,18.412631025462144,127.77583274680889,0.01,0.046424692834727464,1000
718,226.02037583217702,127.9261716076364,0.01,0.04639304897471054,295
719,22.256367183884443,126.06961840389653,0.01,0.044995306686498225,1000
720,17.153324170735797,123.86610727346813,0.01,0.04832167151663452,1000
721,141.65766283974108,125.34536746394868,0.01,0.04670967908985004,821
722,117.18013583875508,126.53455366727714,0.01,0.04469568148567194,883
723,203.72009031266703,127.07163860553888,0.01,0.04437206832283855,648
724,9.482863456609401,127.0104966261918,0.01,0.04679037398938089,1000
725,251.85297913160704,127.2630291657858,0.01,0.046626002647789176,387
726,211.47154947568325,129.29104852335684,0.01,0.04520553594559246,644
727,237.22961547803334,129.41295156120373,0.01,0.04593748738477518,366
728,243.68965004326412,132.15000475099126,0.01,0.049064501347701725,326
729,-31.259795944515375,129.3493405943789,0.01,0.04714644420519471,1000
730,65.17693176259333,129.6846173788191,0.01,0.04071416672691703,1000
731,-15.510091059516707,126.93116756555753,0.01,0.04442203094996512,1000
732,249.37719124391302,126.87229661287601,0.01,0.04399327047896094,330
733,191.52427583758077,128.5600441311468,0.01,0.044049868501960895,530
734,24.801860857548974,126.40030935077249,0.01,0.04639714367687702,1000
735,13.041176821580354,126.87257187925708,0.01,0.04459225517697632,1000
736,207.52526414467732,129.0348185702549,0.01,0.04595166526891234,527
737,245.52973982420392,129.50563135001647,0.01,0.04298815556661519,292
738,1.3340225201292,127.67646992030744,0.01,0.04688421464525163,1000
739,225.13391094485706,129.69026524474535,0.01,0.04744018923819942,338
740,4.585103757472519,127.9507429590877,0.01,0.046137696311809126,1000
741,88.40117541591476,126.49223005851962,0.01,0.04411595012433827,1000
742,228.73965484723095,126.2528253174224,0.01,0.041819418917167124,369
743,212.22830095879132,125.74018202007345,0.01,0.04819607099040455,770
744,217.77814184455093,125.60284736041905,0.01,0.04153661171977337,417
745,218.37002158648045,125.7081029145654,0.01,0.04608731638498804,449
746,164.56462744089947,125.5545941516294,0.01,0.045392494184918974,987
747,181.82636999683865,127.04931196838014,0.01,0.046370148379913344,669
748,242.598408692128,127.35074643310637,0.01,0.04675178400370791,344
749,148.23534110021848,127.04969208265952,0.01,0.04536918561331861,896
750,-0.4847844278157991,124.35875284709256,0.01,0.050169387428089976,1000
751,223.2710347191987,124.57217427483249,0.01,0.04662332142217328,369
752,12.909687878002769,123.23727506137395,0.01,0.04384306633844972,1000
753,31.999819816297105,121.6157261752915,0.01,0.04599165086913854,1000
754,223.7012976682904,123.67540088110277,0.01,0.04480262317017398,437
755,27.957046042808585,123.87440169232201,0.01,0.044581860129721464,1000
756,179.01678381496765,123.8711527677854,0.01,0.04730809707392904,866
757,207.14016859165474,125.8128516996506,0.01,0.04437511631846428,498
758,-17.4390954216978,123.32964463488959,0.01,0.048347440297715365,1000
759,-15.8464066998006,120.61138795402013,0.01,0.04730198578350246,1000
760,209.73811693969094,122.41632611674031,0.01,0.04234968371776827,599
761,209.78021372564655,124.0554750987265,0.01,0.04489920715180536,527
762,244.8066327685674,126.72550696143674,0.01,0.04745505333233338,259
763,8.495587682280608,126.62484717191785,0.01,0.04989054250344634,1000
764,195.80061976284708,128.19522688008365,0.01,0.04664320819978861,578
765,239.42669542806175,128.88829499677996,0.01,0.045794713845349506,349
766,11.012204831144011,128.75592251767887,0.01,0.04698451204877347,1000
767,228.80454634650107,130.97475759996954,0.01,0.04708870541317467,570
768,220.32066846836813,134.0250159907784,0.01,0.04993304477344888,383
769,161.84092255340568,133.47393033096003,0.01,0.046405550657581646,824
770,204.18076666818646,133.6267010800661,0.01,0.04796092014393618,469
771,14.604521096497193,131.53440131219577,0.01,0.047781401129439474,1000
772,201.14255954607975,131.63130715587198,0.01,0.044828796550503064,462
773,45.85967326500396,129.8894762551282,0.01,0.04630098700802773,1000
774,192.86216031651816,131.44503067700484,0.01,0.049671102923241034,484
775,165.80778504703176,130.76548327266474,0.01,0.05076325568750963,613
776,232.2503168311832,132.8239376339437,0.01,0.04871329212383855,419
777,57.18446073735193,133.45922366362436,0.01,0.04795641762856394,1000
778,180.13258892711536,135.28380115975028,0.01,0.05103539345204572,693
779,238.6434353992171,135.75118731901892,0.01,0.04823201975355355,416
780,202.10316401995442,138.06539104695946,0.01,0.048123927131498684,476
781,221.1539581239046,137.8916335499668,0.01,0.050128814937179966,529
782,210.58079643293456,138.10782316232047,0.01,0.047118399973083855,528
783,196.88477398464337,137.9111323217789,0.01,0.04378108168837794,457
784,-11.96285713994684,135.46749026953356,0.01,0.04831625211052597,1000
785,245.33710748842176,136.26477417545559,0.01,0.04886430494773846,312
786,227.3463667268207,136.97279595441532,0.01,0.04963114202047223,604
787,229.13198981083508,139.00331152649755,0.01,0.05445466421936688,380
788,154.59509547513986,140.8800655207331,0.01,0.048828071418055,841
789,215.21238031628607,143.89823085180876,0.01,0.04994904641138359,489
790,-5.093817152454527,141.79305896013733,0.01,0.04929458023700863,1000
791,214.13517695993693,143.76544699815042,0.01,0.04594983033307675,536
792,45.113492082845404,144.01595904007198,0.01,0.04602731907647103,1000
793,36.38729180298204,144.5397173842964,0.01,0.047108083929866554,1000
794,208.2843891295452,144.58272977873824,0.01,0.04707476629256985,547
795,179.06907298801636,144.28558899949374,0.01,0.04488540506031717,676
796,9.160860908994614,142.24875361057917,0.01,0.048162941518239674,1000
797,49.416688906074924,142.67352486217558,0.01,0.050333430554252115,1000
798,249.9938192397296,145.0663694457653,0.01,0.046687619319005356,621
799,23.215537958403484,143.40327634682023,0.01,0.04560719597898424,1000
800,11.319882604705239,141.10249034198048,0.01,0.05063503856025636,1000
801,229.35739393886723,141.07100361470964,0.01,0.04948573127634578,365
802,32.25824990368351,141.10657571614882,0.01,0.04991100389324129,1000
803,243.00204297916582,141.3197828402472,0.01,0.04858937196743985,481
804,160.1891346273515,142.67911686570017,0.01,0.04844111097306361,856
805,29.587248745245386,141.12589992760766,0.01,0.0480317558972165,1000
806,237.30148045551613,141.57765013134727,0.01,0.04704683250747621,431
807,217.93802818226538,141.9651031439487,0.01,0.048686496046510465,377
808,194.478511491578,141.82824686961212,0.01,0.04648970936124367,507
809,-3.442678324681318,141.56894106053875,0.01,0.04437469596415758,1000
810,178.16159503805778,141.77555342514302,0.01,0.04658518645142201,947
811,212.05954627146488,142.02531019692557,0.01,0.05033511535397598,281
812,10.565188167791256,140.13327836824456,0.01,0.04796865210216492,1000
813,203.4237587611284,139.72893852774655,0.01,0.05166800125152804,512
814,182.2565990661024,141.347249156168,0.01,0.04722781730390291,787
815,150.85829766902407,141.142454856723,0.01,0.043524533462102624,967
816,215.9084609607325,141.24336934305867,0.01,0.04608649517092662,391
817,205.89472950589374,143.118190327863,0.01,0.047237407982372394,647
818,223.2356524789813,143.09034309433105,0.01,0.051048436548236556,894
819,238.01929570076643,145.24797237949983,0.01,0.048066994925546974,399
820,216.3980806554241,147.2404199443467,0.01,0.047114231356686645,570
821,243.31046674490688,148.25694798339836,0.01,0.04610613708528096,597
822,208.6022909460869,149.1711695344717,0.01,0.04761441712138019,314
823,208.5117591724479,149.2190862230695,0.01,0.048945201052374196,350
824,236.2412301058829,151.48666988956225,0.01,0.05133999696160417,326
825,206.72730182115131,151.03541311645768,0.01,0.051208525114963134,496
826,245.77795732094668,151.37847719491035,0.01,0.0476454964846198,515
827,201.91232364539172,151.0253042765839,0.01,0.04976511239961144,671
828,71.52486738427716,149.30365644999404,0.01,0.0488285406306386,1000
829,14.136800213944372,149.75762241157864,0.01,0.04719664339907467,1000
830,237.77154841006285,151.48356857805334,0.01,0.048369703709613535,641
831,40.95809767443666,152.04825046539287,0.01,0.04907535327784717,1000
832,209.5282415744278,151.64976096869802,0.01,0.048602684971574744,567
833,215.10622205842026,151.8855804309064,0.01,0.054862583760876917,444
834,219.747768058575,153.83503950291666,0.01,0.05300475044974259,335
835,213.0465555801453,155.83509329050233,0.01,0.048839592199017116,572
836,226.4795607578423,156.02463625663395,0.01,0.047088137266729946,732
837,218.53069868908483,155.75464584528277,0.01,0.04879057255311636,511
838,30.060157464055997,156.04190719472206,0.01,0.0459228386785835,1000
839,197.49527688152241,155.7655208540887,0.01,0.0465505727311703,630
840,224.80101228503997,157.96767993936436,0.01,0.0490289467118412,444
841,244.34263177413675,159.5270945029466,0.01,0.05003617675374112,373
842,203.01125703182586,159.26981052479252,0.01,0.05036844584115204,837
843,197.92856343512486,159.1268131495559,0.01,0.04644890660655838,632
844,195.03524113640364,158.8993841424744,0.01,0.04775215765771767,603
845,150.53346057935934,158.2210185324032,0.01,0.04661461718939245,999
846,201.8994527845029,158.59436678583924,0.01,0.045960857290774586,601
847,249.60553988589743,159.2721584847298,0.01,0.05190389519769021,351
848,223.94974759068674,159.0856718737154,0.01,0.05045333230758414,341
849,195.8087872799846,159.56140633551303,0.01,0.048446106966479684,707
850,195.63715811204457,161.52262576091164,0.01,0.05344614839085784,622
851,221.7292320041118,161.5072077337608,0.01,0.04665993471215996,721
852,17.993009460888512,161.55804094958964,0.01,0.046471568840555845,1000
853,214.73219983826206,163.3853647498093,0.01,0.05282704027821169,662
854,215.12881242904575,163.29963989741688,0.01,0.04913924561839525,572
855,239.274619252561,165.41281562951437,0.01,0.04885467144936978,361
856,219.4291262838671,165.8169390542034,0.01,0.0544302018174717,445
857,268.4514172759881,166.4300515410467,0.01,0.052330147078047035,244
858,210.30966379930783,168.7075391332568,0.01,0.05281987595716836,431
859,189.4492250251711,170.76049545050648,0.01,0.04909637114553718,647
860,208.7816321831973,170.75093060294157,0.01,0.05205087492612926,722
861,220.72664259612645,170.86039489164637,0.01,0.052388827691334974,635
862,179.10660631932564,170.20339462715393,0.01,0.04892301591527131,901
863,267.57233750470857,172.7941621253782,0.01,0.048894943657343266,310
864,231.24644223351805,173.14862035008494,0.01,0.04692485503048873,405
865,234.71848268958362,173.10153822270016,0.01,0.050592311694487635,409
866,261.5626260981461,175.60704243537018,0.01,0.042800561530405984,340
867,215.61962533162065,175.47519322522135,0.01,0.04759866444076946,377
868,226.5329348550252,175.53731588908792,0.01,0.052357900017299334,520
869,241.1606126537272,176.33051279009112,0.01,0.0469438054988909,466
870,262.3078844733648,176.9117839681429,0.01,0.052902111949931295,337
871,240.04129735231245,179.16615173070105,0.01,0.04514425733324253,530
872,226.51747696988917,179.41990090493917,0.01,0.05337397649702502,326
873,244.2706545313419,181.40401071760255,0.01,0.05812867311199745,334
874,228.13611041599518,181.75675021859735,0.01,0.0509017020808298,474
875,255.52851514375527,182.65395751956459,0.01,0.05230199675442594,264
876,248.35394181380343,182.81499376939075,0.01,0.05458423176192139,382
877,189.54948372530268,184.13864399927024,0.01,0.05251749811845944,562
878,203.10676901457282,184.36838580014486,0.01,0.05088588980645497,646
879,200.0173774346411,183.98212522049909,0.01,0.052886729111769504,772
880,247.14145093121908,184.4325080896117,0.01,0.04972509922083007,356
881,239.77922353633642,184.61876074373606,0.01,0.05046815388872252,307
882,201.49857092648773,184.5279384886716,0.01,0.05359779219569653,522
883,213.8640567406391,184.69773131623154,0.01,0.05165894820392892,394
884,232.7972693883841,187.14533258151488,0.01,0.05584385050382434,474
885,252.73893491401265,187.2193508557708,0.01,0.05299365664408966,353
886,204.81603950482494,186.99404758355087,0.01,0.05500825119595374,621
887,207.98756304527973,186.78260331589533,0.01,0.05463065643308927,552
888,231.60418610756696,187.55269422221954,0.01,0.05199755540999927,380
889,225.9103517268622,187.65967393632533,0.01,0.048159888718982004,442
890,233.22351880782415,190.04284729592808,0.01,0.05687599621198483,305
891,238.934449873607,190.2908400250648,0.01,0.05785199474447813,624
892,206.64186030070118,191.90612370724332,0.01,0.05627744988729524,606
893,246.88881841417535,194.01113897335526,0.01,0.05221110691937308,300
894,202.5109854783459,193.9534049368432,0.01,0.05492408856652774,614
895,240.9268393215261,194.5719826001784,0.01,0.05469021757133305,401
896,211.46334373462435,196.59500742843466,0.01,0.05881564270961901,464
897,251.73619510046643,198.61820249037854,0.01,0.055642444463315566,566
898,264.8700868522885,198.7669651665042,0.01,0.0604011743232163,271
899,235.4613551100578,200.88942333802075,0.01,0.05172188459271258,363
900,234.46782335227934,203.12090274549647,0.01,0.054673011944090064,381
901,232.08997851784508,203.14822859128626,0.01,0.061456812916183344,370
902,237.84472088540144,205.20409330110343,0.01,0.05809972261078656,600
903,232.6224224989095,205.1002970963008,0.01,0.05875035112966662,459
904,236.90421014668897,205.86744785149418,0.01,0.05526901115610434,704
905,196.7825083335419,207.53940044737715,0.01,0.05819507738855738,747
906,245.8271726787846,207.62465736960985,0.01,0.05631483422920985,269
907,246.58363325849533,207.91111342037212,0.01,0.0589807621269886,448
908,248.9363239038114,208.4556915444945,0.01,0.06082852801352919,334
909,207.91069016902884,210.56922522943157,0.01,0.05569160847446403,740
910,221.18912520070472,210.99950053105803,0.01,0.05390059433666964,584
911,199.084244963054,210.8697475179739,0.01,0.05072858974462681,535
912,242.55234402602218,213.18961907655626,0.01,0.05081216084699218,312
913,239.73950709340195,213.55277655987902,0.01,0.055903052244420076,354
914,229.78439113947547,214.02805448061272,0.01,0.05773641608817422,460
915,240.73631034662972,214.9268346073888,0.01,0.05156985160652293,290
916,276.3584484096418,215.5313344818779,0.01,0.06153019342635726,231
917,208.1046358357018,215.55343354517598,0.01,0.05593232060034227,449
918,248.34044971022635,215.80448151748843,0.01,0.05660718026308295,313
919,190.86634812886848,215.33295204176946,0.01,0.05955380524563439,746
920,232.8675218273845,215.49764645348904,0.01,0.061724437362796,346
921,233.36070248325547,215.39814881087253,0.01,0.059623870104551314,298
922,229.4939142082019,215.60706504349366,0.01,0.05624398904416813,436
923,196.15965938972454,215.48354404566643,0.01,0.05497349937414301,583
924,247.08509594031324,215.5919827040107,0.01,0.061032714683618115,266
925,237.0069657783351,215.8947793435825,0.01,0.056597528792917726,280
926,237.30274400239142,215.810027210397,0.01,0.05940146474773891,675
927,227.92396208395752,216.07014359478268,0.01,0.05946801475559672,360
928,216.6951708618501,217.5218466295584,0.01,0.0624644021558411,343
929,263.5329732990301,220.01580836040924,0.01,0.054906766401022995,371
930,212.38551152323782,219.761947991541,0.01,0.06114937549329594,468
931,238.02649163288368,221.73263193112547,0.01,0.054063501511363014,552
932,221.39319903163928,221.85128150569756,0.01,0.054751521292408664,446
933,208.862107010933,221.7888403552227,0.01,0.05937649303652708,577
934,240.03058710100603,221.991668545647,0.01,0.052973517394789005,274
935,228.9785402495358,222.15098839234096,0.01,0.0526327467864243,327
936,244.37241721604016,222.32991695692294,0.01,0.061450099909067656,475
937,236.83196819984278,222.51292965203055,0.01,0.06117724448600723,613
938,224.9777003105615,224.46210508049558,0.01,0.06320616147584385,574
939,229.30900464798975,224.78024235816025,0.01,0.06498052815406291,539
940,262.85411684030265,225.16077340371288,0.01,0.06559011810035868,262
941,256.6217600004575,225.2835646859761,0.01,0.058269953146688085,269
942,271.87572925578087,225.9722094082156,0.01,0.06439116577867691,327
943,229.5068535015623,226.28799230888,0.01,0.06025378028392245,435
944,234.09855879549926,226.67862548547097,0.01,0.06070396870217589,666
945,219.5078685049902,227.3683695647273,0.01,0.061528544413086805,322
946,238.0111594555219,227.72948663143742,0.01,0.06262728679437368,337
947,247.72727901255547,227.71070402270402,0.01,0.06225838841208698,607
948,264.0171125302169,228.11137767209934,0.01,0.06551672227215022,354
949,266.97534779678654,228.82304327726735,0.01,0.06285947382580055,342
950,224.18129952112585,229.1084846913582,0.01,0.06556986872520712,290
951,220.98821051343802,229.10107447645143,0.01,0.060301836507412,435
952,247.56590885840149,231.39680347042653,0.01,0.06564613622732651,314
953,250.28675277606996,231.7523489998046,0.01,0.05608071632850081,267
954,267.57280143932223,232.27678888990738,0.01,0.06602450617356226,319
955,229.7427980233814,232.18147067761558,0.01,0.07197496750606941,259
956,281.0878729574725,232.79805814435164,0.01,0.06020433134399354,203
957,212.5199027664915,232.2387429992567,0.01,0.05933871041232133,723
958,239.05584972391492,232.52620485850278,0.01,0.05597887705681064,248
959,252.34256301900746,233.15513823844114,0.01,0.05790499689286215,227
960,220.40503728861017,233.27137228949522,0.01,0.06638518245629618,427
961,222.47719882345677,233.28887785176852,0.01,0.05624949197274643,365
962,250.3678749024601,234.00149053759986,0.01,0.059386754419976547,323
963,239.9030248370904,233.7247974109237,0.01,0.06465317856170016,407
964,261.1499683973539,234.023832672562,0.01,0.06152007388964034,227
965,251.93803865902714,234.19602823225648,0.01,0.06330254732444883,498
966,253.26626817604145,234.11306465303548,0.01,0.06596626672528197,430
967,246.82188060300004,234.42508720574926,0.01,0.06285238378824523,259
968,247.29798169286803,234.63273767412772,0.01,0.06146692518447327,470
969,241.99571776695197,234.64108872525995,0.01,0.0698693660878629,421
970,233.7093321402941,234.35510320192927,0.01,0.06328166558274201,281
971,285.9143087479192,234.81383331588532,0.01,0.06257371028076927,212
972,249.76183266458239,235.04627687283227,0.01,0.06630999397864376,275
973,253.1910928556563,235.1354812560754,0.01,0.05891179039168197,299
974,223.0655442643949,235.08477559455943,0.01,0.06934710180591026,582
975,239.4418457205637,234.9239089003275,0.01,0.06805768467323936,276
976,221.79545434785263,234.65832402566798,0.01,0.06475430386277234,328
977,251.46443126542056,235.27747350106915,0.01,0.06845793532621529,362
978,240.6308011551917,235.65271382247533,0.01,0.06948778380385855,526
979,237.80248517448385,236.03056489987375,0.01,0.06738037419401938,539
980,271.76595215420195,236.2768099121036,0.01,0.06250709406024701,299
981,270.21148938381447,236.58113257057838,0.01,0.06611891824856296,571
982,229.43095419682246,236.86045640328172,0.01,0.06945769594091436,276
983,248.15431993498106,237.2033590352251,0.01,0.06152789893427065,224
984,266.53808605454503,237.54076720188675,0.01,0.06603529516798563,312
985,284.99750833604776,237.86335293610708,0.01,0.06206596467051317,351
986,254.81074786596616,238.36330001971848,0.01,0.06316162137972081,341
987,277.87002994895283,239.0621246887552,0.01,0.06368419847451151,301
988,264.7205922090728,239.39328874977025,0.01,0.06811780760668822,295
989,286.4860356421753,239.9990455889234,0.01,0.07248149508679355,215
990,236.05181130737583,240.02732851391892,0.01,0.06985552157524205,524
991,248.6622974439173,240.12460698962198,0.01,0.06603853011138143,652
992,249.28301559377337,240.55101854255273,0.01,0.07079920620243582,288
993,257.6971016516786,240.6591013749278,0.01,0.06747835767218623,474
994,255.83039868215513,241.1922955069659,0.01,0.06502919055552023,485
995,213.7606656696938,240.9206337704476,0.01,0.07141768442768906,445
996,263.4137647801597,241.4401379809029,0.01,0.06418505165789087,238
997,220.38073292444295,241.12658335914267,0.01,0.07582955692140829,418
998,279.0701179769761,241.26858367038952,0.01,0.07197764163229907,355
999,278.42914351755144,241.69826155446447,0.01,0.07442829131077115,211
1000,240.89597164490306,241.7625430373907,0.01,0.06058619769790502,265
